value,인덱스,날짜,장,단어,뜻
30,1,2024-03-30,초-1,couple,"부부, 한 쌍, 두 개"
18,2,2023-01-03,초-2,as,"~한 것과 같이, ~로서"
44,3,2024-04-07,초-1,unless,만일 ~이 아니면
18,4,2023-01-04,초-2,as,"~한 것과 같이, ~로서"
30,5,2024-03-30,초-2,near,"가까운, 가까이, 접근하여"
20,6,2023-01-04,초-2,next-door,"이웃에, 이웃의"
18,7,2023-01-04,초-4,express,"표현하다, 나타내다, 급행의, 속달의"
30,8,2024-03-30,초-4,deny,"부정하다, 인정하지 않다"
20,9,2023-01-04,초-4,mention,"말하다, 언급하다"
18,10,2023-01-05,초-4,express,"표현하다, 나타내다, 급행의, 속달의"
20,11,2023-01-05,초-5,gentle,"온화한, 부드러운"
18,12,2023-01-05,초-5,wonder,"이상하게 여기다, 궁금해하다, 경이, 놀라움, 놀랄만한 것, 불가사의"
18,13,2023-01-05,초-6,alike,"서로 닮은, 비슷한, 똑같이"
18,14,2023-01-05,초-6,heavy,"무거운, 격렬한, 강한, 다량의, 대량 소비의"
30,15,2024-03-30,초-7,cotton,"면직물, 솜"
30,16,2024-03-30,초-7,wool,"양모, 모직물"
18,17,2023-01-07,초-8,hand,"건네주다, 넘겨주다, 손, 일손, 박수"
35,18,2024-03-31,초-8,palm,손바닥
44,19,2024-04-07,초-8,wrist,손목
35,20,2024-03-31,초-8,cheek,"뺨, 볼"
30,21,2024-03-30,초-1,respect,"존경하다, 존경"
41,22,2024-04-07,초-1,unless,만일 ~이 아니면
20,23,2023-01-08,초-2,care,"걱정, 조심, 걱정하다"
20,24,2023-01-08,초-2,near,"가까운, 가까이, 접근하여"
23,25,2023-01-08,초-2,as,"~한 것과 같이, ~로서"
35,26,2024-03-31,초-3,invite,초대하다
18,27,2023-01-08,초-4,express,"표현하다, 나타내다, 급행의, 속달의"
18,28,2023-01-08,초-4,excuse,"변명, 용서하다, 변명하다"
20,29,2023-01-08,초-5,careful,"주의 깊은, 신중한"
18,30,2023-01-08,초-6,alike,"서로 닮은, 비슷한, 똑같이"
18,31,2023-01-08,초-6,heavy,"무거운, 격렬한, 강한, 다량의, 대량 소비의"
30,32,2024-03-30,초-6,stranger,낯선 사람
30,33,2024-03-30,초-7,cotton,"면직물, 솜"
18,34,2023-01-08,초-7,fit,"적합하다, 어울리다, 꼭 맞는, 알맞은, 적당한, 건강한, 튼튼한"
30,35,2024-03-30,초-8,palm,손바닥
38,36,2024-04-01,초-9,impress,감명을 주다
20,37,2023-01-11,초-9,sense,"알아채다, 감각, 의식"
20,38,2023-01-13,초-9,aware,"깨닫는, 의식하는"
20,39,2023-01-13,초-9,hard,"굳은, 단단한, 곤란한, 어려운, 열심히, 몹시, 심하게"
18,40,2023-01-13,초-11,tear,"눈물, 눈물을 흘리다, 찢다"
20,41,2023-01-13,초-11,upset,"혼란한, 당황한, 뒤집어엎다, 당황케 하다"
18,42,2023-01-13,초-11,because,왜냐하면 ~이므로
20,43,2023-01-14,초-12,mind,"마음, 정신, 걱정하다, 신경쓰다, 꺼리다"
18,44,2023-01-14,초-10,bear,"참다, 낳다, 지탱하다, 곰"
20,45,2023-01-14,초-10,suffer,"(병을) 앓다, 고통받다"
18,46,2023-01-14,초-11,tear,"눈물, 눈물을 흘리다, 찢다"
20,47,2023-01-14,초-11,delight,"기쁨, 즐거움, 기쁘게 하다"
20,48,2023-01-14,초-11,upset,"혼란한, 당황한, 뒤집어엎다, 당황케 하다"
20,49,2023-01-14,초-11,because,왜냐하면 ~이므로
18,50,2023-01-15,초-12,mind,"마음, 정신, 걱정하다, 신경쓰다, 꺼리다"
20,51,2023-01-15,초-12,control,"지배하다, 억제하다"
23,52,2023-01-28,초-13,taste,"맛, 미각, 맛을 보다, 맛이 나다, 맛을 느끼다, 취미, 기호, 취향"
20,53,2023-01-28,초-13,spicy,"양념을 넣은, 향긋한"
18,54,2023-01-28,초-13,order,"주문, 명령, 주문하다, 명령하다"
35,55,2024-03-31,초-13,chew,씹다
20,56,2023-01-28,초-13,supper,저녁식사
20,57,2023-01-28,초-14,spoil,"망치다, 더럽히다"
20,58,2023-07-02,초-16,arrange,"가지런히 하다, 정리하다"
20,59,2023-07-02,초-16,garage,"차고, 자동차 수리소"
20,60,2023-07-02,초-17,absent,"부재의, 결석한"
18,61,2023-07-03,초-17,lesson,"수업, 교훈"
44,62,2024-04-09,초-17,attend,출석하다
20,63,2023-07-03,초-17,praise,"칭찬하다, 칭찬, 찬양"
18,64,2023-07-04,초-18,although,"~일지라도, ~이기는 하지만"
20,65,2023-07-05,초-20,charge,"대가, 값, 책임, 부담, 요금, 청구하다, 충전하다"
20,66,2023-07-05,초-20,clerk,"판매원, 점원"
23,67,2023-07-06,초-21,pack,"(짐을) 싸다, 가방을 꾸리다, 꾸러미, 보따리, 팩, 상자"
44,68,2024-04-09,초-21,postcard,우편엽서
20,69,2023-07-06,초-21,passport,"여권, 통행증"
44,70,2024-04-09,초-22,admire,감탄하다
41,71,2024-04-07,초-22,ballet,발레
20,72,2023-07-08,초-23,flat,"평평한, 납작한"
23,73,2023-07-08,초-23,stiff,"뻣뻣한, 경직된"
20,74,2023-07-08,초-23,sharp,"날카로운, 뾰족한, 예민한, 예리한, 급격한, 뚜렷한, 선명한"
44,75,2024-04-09,초-23,against,~에 기대어서
20,76,2023-07-08,초-24,plenty,"많음, 풍부"
20,77,2023-07-08,초-24,mass,"덩어리, 다량"
20,78,2023-07-09,초-25,former,"앞의, 전자의"
44,79,2024-04-09,초-26,load,"짐을 싣다, 짐"
20,80,2023-07-10,초-26,fasten,"묶다, 잠그다"
20,81,2023-07-10,초-26,transportation,"운송, 교통기관"
20,82,2023-07-11,초-27,purpose,"목적, 의도"
20,83,2023-07-12,초-28,tip,"비결, 팁, 사례금, 꼭대기, 정상, 비밀정보, 조언, 끝"
20,84,2024-02-08,초-29,rise,"오르다, 일어나다, 상승, 향상"
41,85,2024-04-07,초-30..,prevent,예방하다
20,86,2024-02-08,초-30,preserve,"보호하다, 지키다"
41,87,2024-04-07,초-30,coast,"연안, 해안"
20,88,2024-02-08,초-30,life,"생명, 생존, 삶, 생활, 수명, 목숨, 활기"
44,89,2024-04-09,초-29,heat,"열, 더위, 가열하다"
35,90,2024-03-31,초-30,flow,흐르다
44,91,2024-04-09,초-30,pond,연못
30,92,2024-03-30,초-30,tend,경향이 있다
20,93,2024-02-27,초-31,bud,"꽃봉오리, 싹"
35,94,2024-03-31,초-31,branch,나뭇가지
23,95,2024-02-27,초-31,worm,"벌레, 기생충"
44,96,2024-04-09,초-31,hatch,"(알을) 까다, 부화하다"
20,97,2024-02-27,초-31,mate,"짝지어주다, 상대, 배우자"
20,98,2024-02-28,초-32,downtown,"도심지에, 시내에"
20,99,2024-02-28,초-32,square,"(거리의) 광장, 사각형"
20,100,2024-02-28,초-32,rural,"시골의, 지방의"
20,101,2024-02-28,초-32,highway,"간선도로, 큰길"
20,102,2024-02-28,초-32,roadway,"도로, 차로"
20,103,2024-02-28,초-33,abroad,"외국에, 해외에"
18,104,2024-02-28,초-33,foreign,"외국의, 외국산의"
20,105,2024-02-28,초-33,race,"인종, 민족, 종족, 경주, 경주하다"
23,106,2024-02-28,초-33,nation,"국가, 민족"
23,107,2024-02-28,초-33,native,"토착의, 본국의, 본래의"
20,108,2024-02-28,초-33,aid,"원조, 원조하다, 돕다"
20,109,2024-02-28,초-33,worldwide,"전 세계로, 세계적인, 세계 속의"
44,110,2024-04-09,초-35,surround,"둘러싸다, 에워싸다"
20,111,2024-02-29,초-35,hang,"걸다, 매달다"
20,112,2024-02-29,초-35,draw,당기다
20,113,2024-02-29,초-35,turn,"회전하다, 돌리다, 회전시키다, 뒤엎다, 회전, 순번, 차례"
44,114,2024-04-09,초-35,place,"장소, 곳, 두다"
20,115,2024-02-29,초-35,lift,"들어 올리다, 승강기"
20,116,2024-02-29,초-36,right,"옳은, 올바른, 오른쪽의, 권리"
20,117,2024-02-29,초-36,affair,"사건, 업무"
20,118,2024-02-29,초-36,custom,"관습, 습관"
20,119,2024-02-29,초-36,force,"힘, 세력, 강요하다"
20,120,2024-02-29,초-36,rule,"규칙, 관례, 통치하다"
18,121,2024-03-01,초-37,earn,"벌다, 일해서 얻다"
23,122,2024-03-01,초-37,interview,"면접, 회견, 면접하다"
20,123,2024-03-01,초-37,salary,"봉급, 급료"
23,124,2024-03-01,초-37,manage,"관리하다, 해내다"
41,125,2024-04-07,초-37,wage,"임금, 노임"
41,126,2024-04-07,초-37,hardworking,열심히 일하는
20,127,2024-03-01,초-37,quit,"그만두다, 중지하다"
35,128,2024-04-01,초-37,skilled,숙련된
20,129,2024-03-01,초-37,chief,"우두머리, 장, 상사"
20,130,2024-03-01,초-37,service,"봉사, 편의"
20,131,2024-03-01,초-37,apply,"지원하다, 적용하다"
20,132,2024-03-01,초-37,chairman,"의장, 사회자, 회장"
44,133,2024-04-09,초-38,save,"저축하다, 절약하다"
38,134,2024-04-02,초-38,election,선거
44,135,2024-04-09,초-38,material,"재료, 물질"
38,136,2024-04-02,초-38,wealth,"부, 재산"
20,137,2024-03-01,초-38,supply,"공급, 공급하다"
41,138,2024-04-07,초-38,affect,~에 영향을 미치다
20,139,2024-03-01,초-38,issue,"논쟁, 쟁점, 문제, 발행, 판, 발행하다"
41,140,2024-04-07,초-38,select,선출하다
20,141,2024-03-01,초-38,trade,"무역, 장사, 거래"
18,142,2024-03-01,초-38,among,~의 사이에
38,143,2024-04-02,초-39,steal,훔치다
20,144,2024-03-01,초-39,obey,"복종하다, 따르다"
18,145,2024-03-01,초-39,punish,"벌하다, 응징하다"
44,146,2024-04-09,초-39,evil,나쁜
20,147,2024-03-01,초-39,court,"법정, 공판, 안뜰, 정원, 코트"
23,148,2024-03-01,초-39,false,"틀린, 오류의, 거짓의"
18,149,2024-03-01,초-39,belief,"확신, 신념"
30,150,2024-03-30,초-39,law,"법률, 법"
20,151,2024-03-01,초-39,rob,"훔치다, 빼앗다"
23,152,2024-03-01,초-39,religion,"종교, 신앙"
18,153,2024-03-01,초-1,single,"미혼의, 독신의, 단 하나의, 일인용의"
20,154,2024-03-01,초-1,relative,"친척, 일가"
35,155,2024-04-01,초-1,widow,"미망인, 과부"
35,156,2024-04-01,초-1,divorce,"이혼하다, 이혼"
23,157,2024-03-01,초-1,partner,"배우자, 동료"
20,158,2024-03-01,초-1,support,"부양하다, 원조하다, 지지, 부양"
20,159,2024-03-01,초-2,close,"친한, 친밀한, 가까운, (관계가) 밀접한, 닫다, 종결하다, 끝내다"
23,160,2024-03-01,초-2,trust,"믿다, 신뢰하다, 신임, 신뢰"
38,161,2024-04-02,초-2,rumor,소문
23,162,2024-03-01,초-3,celebration,"축하, 축전"
30,163,2024-03-30,초-3,dine,식사를 하다
30,164,2024-03-30,초-3,graduate,졸업하다
23,165,2024-03-01,초-3,event,"행사, 사건"
20,166,2024-03-01,초-3,present,"선물, 선물하다, 주다, 현재의, 출석하고 있는"
20,167,2024-03-01,초-3,occasion,"특별한 일, 행사, 경우"
35,168,2024-04-01,초-3,special,"특별한, 전문의"
44,169,2024-04-09,초-3,hold,"개최하다, 열다"
41,170,2024-04-07,초-3,prize,"상품, 상"
18,171,2024-03-01,초-3,memory,"추억, 기억"
20,172,2024-03-01,초-4,refuse,거절하다
18,173,2024-03-01,초-4,allow,허락하다
20,174,2024-03-01,초-4,opinion,"의견, 견해"
18,175,2024-03-01,초-4,offer,"권유, 제의, 권하다, 제공하다"
20,176,2024-03-01,초-4,suggest,"제안하다, 제의하다"
18,177,2024-03-01,초-4,accept,"받아들이다, 동의하다"
20,178,2024-03-01,초-4,beg,"간청하다, 구걸하다"
20,179,2024-03-01,초-4,reply,"대답, 답변, 대답하다, 답장하다"
20,180,2024-03-01,초-5,calm,"가라앉히다, 달래다, 침착한, 고요한"
20,181,2024-03-01,초-5,cheerful,"기분 좋은, 명랑한"
20,182,2024-03-01,초-5,clever,"영리한, 똑똑한"
18,183,2024-03-01,초-5,patience,"인내, 끈기"
20,184,2024-03-01,초-5,polite,"공손한, 예의 바른"
20,185,2024-03-01,초-5,certain,"확신하는, 확실한"
18,186,2024-03-01,초-5,unkind,"불친절한, 매정한"
18,187,2024-03-01,초-5,proud,"거만한, 자랑으로 여기는"
20,188,2024-03-01,초-5,annoy,"괴롭히다, 귀찮게 굴다"
18,189,2024-03-01,초-5,brilliant,똑똑한
35,190,2024-04-01,초-6,blond,"금발의, 금발"
18,191,2024-03-01,초-6,attractive,"마음을 끄는, 매력적인"
20,192,2024-03-01,초-6,pale,"(얼굴이) 창백한, (빛깔 등이) 엷은"
38,193,2024-04-02,초-6,gracefully,우아하게
20,194,2024-03-01,초-6,neat,"단정한, 깔끔한"
35,195,2024-04-01,초-6,beard,턱수염
18,196,2024-03-01,초-6,curly,"곱슬머리의, 고수머리의"
18,197,2024-03-01,초-6,skinny,바싹 여윈
38,198,2024-04-02,초-6,height,"키, 높이"
20,199,2024-03-01,초-6,unlike,"~와 다른, 닮지 않은"
38,200,2024-04-03,초-7,sew,바느질하다
41,201,2024-04-07,초-7,patch,헝겊을 대고 깊다
38,202,2024-04-03,초-7,trousers,바지
38,203,2024-04-03,초-7,purse,지갑
20,204,2024-03-01,초-7,suit,"(의복)한 벌, 어울리다, 적합하다"
20,205,2024-03-01,초-7,stain,"얼룩지다, 더럽히다, 얼룩, 때"
41,206,2024-04-07,초-7,fur,"모피, 모피 제품"
45,207,2024-04-22,초-7,striped,줄무늬가 있는
35,208,2024-04-01,초-7,shorts,반바지
30,209,2024-03-30,2,plumbing,"(수도, 가스 등의) 배관, 배관 공사"
18,210,2024-03-03,3,sour,"(맛이) 신, 시큼한, (사물이) 불쾌한, 빈약한, 졸렬한, 신 맛, 신 것"
18,211,2024-03-03,4,sense,"감각, 분별력, 오감, 의미, 뜻, 감지하다"
20,212,2024-03-03,4,workout,"연습, 운동"
30,213,2024-03-30,5,relax,"긴장을 풀다, 편히 쉬다"
30,214,2024-03-30,5,expedition,"탐험, 원정"
21,215,2024-03-04,5,recreation,"휴양, 기분전환"
18,216,2024-03-04,6,concern,"관심, 걱정, ~에 관계하다, 걱정하다"
18,217,2024-03-04,6,estimate,"어림잡다, 추산하다"
20,218,2024-03-04,6,expectation,"기대, 예상"
30,219,2024-03-30,6,subconscious,잠재의식의
18,220,2024-03-04,6,view,"견해, 관점, 의견, 전망, 조망, 목적, 계획"
20,221,2024-03-04,7,favorable,"호의를 보이는, 찬성의"
30,222,2024-03-30,7,amuse,"흥겹게 하다, 기쁘게 하다"
18,223,2024-03-04,7,delightful,"매우 기쁜, 유쾌한"
18,224,2024-03-04,7,friendly,"우호적인, 다정한"
18,225,2024-03-05,8,bored,"지루해 하는, 싫증나는"
21,226,2024-03-05,8,annoy,"성가시게 하다, 짜증나게 하다"
20,227,2024-03-05,8,desperate,"필사적인, 절망적인"
18,228,2024-03-05,8,hateful,"미운, 지겨운"
21,229,2024-03-05,8,negative,"부정적인, 부정의, 금지의, 반대의, 소극적인, 음성의, 마이너스의"
18,230,2024-03-05,8,nervous,"초조한, 긴장하는"
20,231,2024-03-05,8,restless,"침착하지 못한, 들떠있는"
20,232,2024-03-05,8,despise,경멸하다
30,233,2024-03-30,8,wicked,"악한, 심술궂은"
21,234,2024-03-05,9,temper,"성질, 기질, 천성, 화, 짜증, 부드럽게 하다, 진정하다, 단련시키다"
30,235,2024-03-30,9,sincere,"성실한, 진지한"
18,236,2024-03-05,9,blunt,"무딘, 무뚝뚝한"
21,237,2024-03-05,9,positive,"확신하는, 긍정적인"
18,238,2024-03-06,10,mean,"비열한, 짓궃은, 중간의, 수단, 재산, 의미하다, ~할 작정이다"
20,239,2024-03-07,1,breed,"낳다, 기르다, 품종"
18,240,2024-03-07,1,nurture,"영양분을 주다, 양육하다"
30,241,2024-03-30,1,foster,"기르다, 양육하다, 양육하는, 기르는"
18,242,2024-03-07,2,cleanse,"씻다, 청결히 하다"
18,243,2024-03-07,2,furnish,"(물건을) 공급하다, (가구를) 비치하다"
20,244,2024-03-07,2,hut,오두막
30,245,2024-03-30,2,broom,"비, 빗자루"
30,246,2024-03-30,3,tasteless,무미한
30,247,2024-03-30,3,comb,"빗, 빗질하다"
30,248,2024-03-30,3,cosmetic,"화장의, 미용의, 화장품"
18,249,2024-03-07,3,flavor,"맛, 조미료"
20,250,2024-03-07,4,disabled,"불구가 된, 장애가 있는"
18,251,2024-03-07,6,analyze,"분석하다, 검토하다"
38,252,2024-04-03,6,decisive,단호한
18,253,2024-03-07,6,recognize,"알아보다, 인정하다"
35,254,2024-04-01,6,recollect,"생각해 내다, 회상하다"
18,255,2024-03-07,7,impressive,"인상적인, 감명적인"
20,256,2024-03-07,7,pleased,"기뻐하는, 만족한"
41,257,2024-04-07,7,hospitable,"환대하는, (환경이) 쾌적한"
20,258,2024-03-07,7,preferable,"바람직한, 선호할만한"
18,259,2024-03-07,7,relieve,"안도케 하다, 구원하다, (긴장을) 풀다, 경감하다, 덜다"
18,260,2024-03-07,8,arrogant,"무례한, 거만한"
18,261,2024-03-07,8,regret,"후회하다, 유감으로 여기다"
21,262,2024-03-07,8,repent,후회하다
20,263,2024-03-07,8,tension,"긴장, 불안"
30,264,2024-03-30,9,courageous,용기 있는
20,265,2024-03-07,9,impatient,"참을성 없는, 초조한"
30,266,2024-03-30,10,endure,참다
18,267,2024-03-07,10,energetic,"원기 왕성한, 활동적인"
20,268,2024-03-07,10,frank,"솔직한, 숨김없는"
18,269,2024-03-09,11,thrilling,"긴장감 있는, 감격적인, 떨리는"
20,270,2024-03-09,12,inspection,"조사, 검사"
30,271,2024-03-30,12,literary,문학의
20,272,2024-03-09,12,apparent,"분명한, 눈에 띄는, 느낄 수 있는"
18,273,2024-03-09,12,remains,"잔존물, 유해, 유적, 화석"
20,274,2024-03-09,13,dictate,"구술하다, 명령하다"
18,275,2024-03-09,13,entrance,"들어감, 입구, 입학"
30,276,2024-03-30,13,intellectual,지적인
18,277,2024-03-09,13,review,"재검토, 복습, 비평, 복습하다"
20,278,2024-03-09,13,term,"학기, 기간, 용어, 말, 관점, 교제, 관계"
35,279,2024-04-01,14,construct,"건설하다, 세우다"
35,280,2024-04-01,14,aboard,(비행기 등을) 타고
18,281,2024-03-10,14,facility,"시설, 편의"
18,282,2024-03-10,14,jam,"혼잡, 잼, 쑤셔넣다, 움직이지 않게 하다, 방해하다"
18,283,2024-03-10,14,shipment,"선적, 발송"
18,284,2024-03-10,14,structure,"건물, 구조"
20,285,2024-03-10,14,congestion,"혼잡, 밀집"
18,286,2024-03-10,15,preach,"전도하다, 설교하다"
18,287,2024-03-11,16,custom,"관습, 풍습"
20,288,2024-03-11,16,myth,신화
18,289,2024-03-11,16,past,"과거, 지나간, 과거의"
18,290,2024-03-11,16,ruin,"파멸, 폐허"
35,291,2024-04-01,17,deserted,"버려진, 사람이 살지 않는"
41,292,2024-04-07,17,pest,"유해물, 해충"
18,293,2024-03-11,18,stream,"개울, 흐름"
18,294,2024-03-11,18,origin,"기원, 유래, 혈통"
18,295,2024-03-11,18,wave,"파도, 물결"
41,296,2024-04-07,18,ecological,생태학의
38,297,2024-04-03,18,foothill,(작은) 언덕
20,298,2024-03-12,20,shift,"이동하다, 전환하다, 변경하다, 교체, 교대"
18,299,2024-03-12,20,sphere,"구, 범위"
18,300,2024-03-13,11, confuse,"혼란시키다, 당황케 하다, 혼동하다"
20,301,2024-03-13,11,miserable,"불쌍한, 비참한"
20,302,2024-03-13,12,academic,"학문적인, 학구적인"
18,303,2024-03-13,12,philosophy,"철학, 근본 원리"
18,304,2024-03-13,12,standpoint,"관점, 견해"
38,305,2024-04-03,13,absence,"부재, 결석"
21,306,2024-03-13,13,instruction,"교육, 지시"
20,307,2024-03-13,13,presence,"참석, 출석"
30,308,2024-03-30,13,verbal,"말의, 구두의"
30,309,2024-03-30,13,stationery,"문방구, 문구"
30,310,2024-03-30,13,undergraduate,"대학 재학생, 대학 재학생의"
30,311,2024-03-30,14,convenience,"편의, 편리"
30,312,2024-03-30,14,route,"길, 노선"
35,313,2024-04-01,14,speeding,속도위반
30,314,2024-03-30,14,trail,오솔길
21,315,2024-03-13,15,faith,"신념, 신앙"
18,316,2024-03-13,15,missionary,"전도의, 선교의, 선교사의, 선교사"
21,317,2024-03-13,16,heritage,"유산, 전통"
38,318,2024-04-03,17,respiratory,호흡의
21,319,2024-03-13,17,reflect,"반사하다, 반영하다, 반성하다, 숙고하다"
30,320,2024-03-30,18,coastal,해안의
20,321,2024-03-13,18,current,"물살, 흐름, 경향, 추세, 통용되는, 현재의, 지금의"
20,322,2024-03-13,18,decompose,"분해하다, 부패하다"
21,323,2024-03-13,18,path,"길, 오솔길, 보도"
30,324,2024-03-31,18,deforestation,산림개간
30,325,2024-03-31,20,scientific,과학적인
30,326,2024-03-31,20,galaxy,"은하, 은하계"
21,327,2024-03-13,20,source,"원천, 출처"
21,328,2024-03-15,21,physical,"물질적인, 물질의, 자연의, 육체의, 물리의, 물리학(상)의"
18,329,2024-03-15,22,channel,"해협, 수로, 경로, 루트, (방송) 채널"
35,330,2024-04-01,22,geological,지질상의
18,331,2024-03-15,22,range,"범위, 종류, 범위를 정하다, 변화하다"
20,332,2024-03-16,23,point,"뾰족한 끝, 점, 요점, 요지, 점수, 가리키다"
18,333,2024-03-16,24,kidney,"신장, 콩팥"
21,334,2024-03-16,24,pulse,"맥박, 고동, 맥이 뛰다, 고동치다"
21,335,2024-03-16,24,tissue,"직물, (세포) 조직, 얇은 천, 얇은 화장지"
35,336,2024-04-01,24,prescribe,처방하다
20,337,2024-03-16,25,demonstrate,"증명하다, 시위하다"
20,338,2024-03-16,25,sentence,"판결을 내리다, 형을 선고하다, 판결, 선고"
21,339,2024-03-16,25,disorder,"무질서, 고장, 장애"
21,340,2024-03-16,25,enforce,"(법률을) 실시하다, 집행하다"
18,341,2024-03-16,25,fine,"벌금, 벌금을 물리다, 훌륭한, (낱알이) 고운, 가는, 늘씬한"
18,342,2024-03-16,25,investigation,"수사, 조사"
21,343,2024-03-16,25,jail,"감옥, 투옥하다"
21,344,2024-03-16,25,justice,"정의, 사법"
30,345,2024-03-31,25,legal,합법적인
18,346,2024-03-17,26,public,"대중, 국민, 공중, 일반 국민의, 공공의, 공중의, 공개의, 공적인, 공무의"
21,347,2024-03-17,26,regulation,"규정, 규칙"
20,348,2024-03-17,27,mass,"대중, 대중의, 대량의"
21,349,2024-03-17,27,union,"결합, 조합"
21,350,2024-03-18,28,conflict,"투쟁, 갈등, 다툼, 다투다, 충돌하다"
20,351,2024-03-18,28,struggle,"투쟁, 싸움, 격투하다, 분투하다"
20,352,2024-03-18,28,target,"표적, 타깃"
30,353,2024-03-31,28,troop,"부대, 병력"
30,354,2024-03-31,28,veteran,"노장, 제대 군인"
18,355,2024-03-18,29,promotion,"승진, 진척, 추진"
30,356,2024-03-31,29,counselor,"상담역, 카운슬러"
38,357,2024-04-03,29,crew,"승무원, 동료"
18,358,2024-03-18,29,profession,전문직
21,359,2024-03-18,29,staff,"직원, 부원, 막대기, 지팡이, 직원을 두다"
30,360,2024-03-31,29,discipline,"훈련, 규율, 훈련하다, 벌하다"
30,361,2024-03-31,30,consumption,소비
38,362,2024-04-03,30,broke,무일푼의
30,363,2024-03-31,30,loan,"대출, 대출금, 빌려주다"
30,364,2024-03-31,30,penniless,무일푼의
18,365,2024-03-18,30,profitable,"유리한, 이득이 되는"
30,366,2024-03-31,30,sum,"합계, 총금액"
30,367,2024-03-31,30,wage,"임금, 급료"
18,368,2024-03-18,30,expense,"지출, 비용"
20,369,2024-03-19,21,comprise,"구성되다, 포함하다"
17,370,2024-03-19,21,contain,"내포하다, 포함하다"
17,371,2024-03-19,21,dispose,"처리하다, 배치하다"
35,372,2024-04-01,21,laboratory,실험실
30,373,2024-03-31,21,particle,"입자, 알갱이"
30,374,2024-03-31,21,solid,"고체의, 견고한"
30,375,2024-03-31,22,geometrical,기하학적인
18,376,2024-03-19,22,geography,"지리, 지형, 지리학"
35,377,2024-04-01,22,petroleum,석유
35,378,2024-04-01,22,steep,가파른
30,379,2024-03-31,23,calculation,"계산, 계산하기, 계산법"
30,380,2024-03-31,23,formula,공식
30,381,2024-03-31,23,rectangle,직사각형
35,382,2024-04-01,23,subtract,빼다
41,383,2024-04-07,25,detective,"탐정, 형사"
18,384,2024-03-19,25,defense,"방어, 변론, 변호"
20,385,2024-03-19,26,executive,"집행력이 있는, 행정의, 간부, 관리직"
17,386,2024-03-19,29,manager,"경영자, 지점장, 지배인"
17,387,2024-03-19,30,afford,~을(를) 살 돈이 있다
21,388,2024-03-19,30,fee,"요금, 수수료"
30,389,2024-03-31,31,advance,"진보, 발전"
21,390,2024-03-21,31,purchase,"사다, 구입하다, 구입, 구입품"
30,391,2024-03-31,31,slump,"불황, 폭락"
18,392,2024-03-21,31,trade,"무역, 교역, 상업, 직업, 물물교환, <스포츠> 트레이드, 교환하다"
30,393,2024-03-31,32,correction,수정
35,394,2024-04-01,32,article,"(신문, 잡지의) 기사, 논설"
21,395,2024-03-21,32,genre,"유형, 양식, 장르"
30,396,2024-03-31,32,manual,"소책자, 입문서, 설명서"
18,397,2024-03-21,32,press,"인쇄기, 보도 기관, 신문"
30,398,2024-03-31,32,revise,"개정하다, 정정하다"
18,399,2024-03-21,32,copy,"사본, 복사, (같은 책의) 권, 부본, 광고문, 광고문안, 카피, 베끼다, 복사하다"
18,400,2024-03-22,33,announce,"언급하다, 알리다"
18,401,2024-03-22,33,predict,"예언하다, 예상하다"
17,402,2024-03-22,33,comment,"논평, 의견, 논평하다, 의견을 말하다"
35,403,2024-04-01,33,consult,"참고하다, 자문하다"
21,404,2024-03-22,33,notion,"개념, 생각"
21,405,2024-03-22,33,protest,"항의하다, 주장하다, 항의"
17,406,2024-03-22,33,remark,"주목하다, 말하다, 말, 의견"
35,407,2024-04-01,34,perform,"실행하다, 공연하다"
21,408,2024-03-22,34,fashion,"방식, 유행, 패션"
18,409,2024-03-22,34,display,"표시, 진열, 진열품, 보이다, 전시하다"
21,410,2024-03-22,34,audience,"청중, 관객"
17,411,2024-03-22,34,conduct,"지휘하다, 행동하다, 안내하다, 인도하다, <열‧전기> 전도하다, 행위, 행동"
17,412,2024-03-22,34,perspective,"관점, 시작, 원근법"
30,413,2024-03-31,34,tempo,"(음악의) 빠르기, 박자"
30,414,2024-03-31,34,playwright,"각본가, 극작가"
30,415,2024-03-31,35,long-lasting,지속적인
21,416,2024-03-23,35,previous,"이전의, 앞선"
17,417,2024-03-23,35,prospective,"예기되는, 장래의"
17,418,2024-03-23,35,imminent,"절박한, 일촉즉발의"
17,419,2024-03-23,35,due,"예정된, 당연한, 기한이 된, ~때문에"
18,420,2024-03-23,35,instant,"즉시의, 즉각적인, 순간"
18,421,2024-03-23,36,separate,"가르다, 분리하다, 갈라진, 개별적인"
17,422,2024-03-23,36,sink,"침몰하다, 가라앉히다"
30,423,2024-03-31,36,dip,담그다
17,424,2024-03-23,36,stick,"찌르다, 고정하다, 달라붙다, 붙이다, 막대기, 지팡이"
18,425,2024-03-23,36,pat,"가볍게 두드리다, 쓰다듬다, 톡톡 침, 뜨다듬기"
18,426,2024-03-23,36,tap,툭툭 치다
18,427,2024-03-23,37,grasp,"붙잡다, 이해하다"
18,428,2024-03-23,37,sign,"신호하다, 서명하다"
30,429,2024-03-31,37,restrain,억제하다
18,430,2024-03-23,37,scan,"훑어보다, 자세히 보다"
30,431,2024-03-31,37,sigh,"한숨 쉬다, 탄식하다, 탄식"
21,432,2024-03-23,37,stare,"빤히 쳐다보다, 응시하다, 응시"
17,433,2024-03-24,38,cling,"달라붙다, 고수하다"
17,434,2024-03-24,38,precede,"~에 앞서다, 선행하다"
18,435,2024-03-24,38,stretch,"뻗치다, 미치다, 뻗침, 확장"
18,436,2024-03-24,38,form,"형성하다, 형태, 용지, 양식"
17,437,2024-03-25,39,grand,"웅장한, 성대한"
35,438,2024-04-01,39,opposite,"마주 보고 있는, 정반대의"
30,439,2024-03-31,39,spectacular,"볼만한, 놀라운"
17,440,2024-03-25,39,defective,결함이 있는
18,441,2024-03-25,39,huge,"거대한, 엄청난"
35,442,2024-04-01,39,jam-packed,꽉꽉 채워 넣은
17,443,2024-03-25,39,marked,"현저한, 뚜렷한"
17,444,2024-03-25,39,tremendous,"무시무시한, 엄청난"
35,445,2024-04-01,39,rough,"거친, 대강의"
30,446,2024-03-31,39,runny,"흐르는, 콧물이 나오는"
30,447,2024-03-31,39,skinny,깡마른
30,448,2024-03-31,39,symbolize,상징하다
18,449,2024-03-25,39,slight,"적은, 미세한, 가느다란"
17,450,2024-03-25,39,thin,"얇은, 희박한"
17,451,2024-03-25,39,hardly,거의 ~아니다
30,452,2024-03-31,40,maintenance,"유지, 정비"
18,453,2024-03-25,40,objective,"목적, 목표물"
18,454,2024-03-25,40,simplicity,"단순, 간소"
18,455,2024-03-25,40,enrichment,"충만, 풍부하게 함"
18,456,2024-03-27,31,commerce,"상업, 무역, 거래"
18,457,2024-03-27,31,retail,"소매, 소매(상)의"
30,458,2024-03-31,31,non-profit,비영리의
30,459,2024-03-31,32,biography,전기
21,460,2024-03-27,32,interpret,"해석하다, 통역하다"
17,461,2024-03-27,33,anticipate,"예상하다, 예견하다"
45,462,2024-05-01,33,describe,"묘사하다, 기술하다"
18,463,2024-03-27,34,compose,"조립하다, 작곡하다"
21,464,2024-03-27,34,director,"지도자, 감독, 연출가"
35,465,2024-04-01,34,carve,"새기다, 베다"
45,466,2024-05-01,34,statue,"상, 동상"
21,467,2024-03-27,35,lasting,"영속하는, 오래가는"
35,468,2024-04-01,35,prehistoric,"유사 이전의, 선사의"
30,469,2024-03-31,35,recent,"최근의, 새로운"
21,470,2024-03-27,36,accelerate,"~의 속도를 늘리다, 가속하다"
17,471,2024-03-27,36,direct,"인도(안내)하다, 감독(지휘)하다"
30,472,2024-03-31,36,pour,"쏟다, 따르다"
18,473,2024-03-27,36,swing,"흔들다, 매달다, 흔듦, 휘두름"
18,474,2024-03-27,36,shorten,"줄이다, 짧게 하다"
17,475,2024-03-27,38,confine,제한하다
30,476,2024-03-31,38,attain,"성취하다, 얻다, 도달하다"
18,477,2024-03-27,38,omit,"생략하다, ~을 빠뜨리다"
17,478,2024-03-27,39,showy,"화려한, 자랑할 만한"
18,479,2024-03-27,40,implication,"내포, 함축, 암시"
